{"0": "Oreochromis aureus", "1": "Heterodontus portusjacksoni", "2": "Cichla ocellaris", "3": "Ameiurus melas", "4": "Salmo trutta", "5": "Nematistius pectoralis", "6": "Pollachius pollachius", "7": "Hypanus americanus", "8": "Anisotremus surinamensis", "9": "Coryphaena hippurus", "10": "Amphistichus argenteus", "11": "Coregonus clupeaformis", "12": "Pimephales promelas", "13": "Xiphias gladius", "14": "Lithognathus mormyrus", "15": "Chrysoblephus laticeps", "16": "Micropterus dolomieu", "17": "Megalops atlanticus", "18": "Lepomis gulosus", "19": "Aluterus scriptus", "20": "Anisotremus virginicus", "21": "Sphyraena argentea", "22": "Lepisosteus osseus", "23": "Sebastes auriculatus", "24": "Lutjanus mahogoni", "25": "Hiodon alosoides", "26": "Micropterus coosae", "27": "Raja clavata", "28": "Ptychocheilus oregonensis", "29": "Carcharhinus limbatus", "30": "Scomber scombrus", "31": "Enneacanthus gloriosus", "32": "Alosa sapidissima", "33": "Rhizoprionodon terraenovae", "34": "Trachinotus goodei", "35": "Pelmatolapia mariae", "36": "Scomberoides lysan", "37": "Centropomus undecimalis", "38": "Scomberomorus cavalla", "39": "Caranx lugubris", "40": "Scorpaenichthys marmoratus", "41": "Cephalopholis cruentata", "42": "Cynoscion nebulosus", "43": "Strongylura marina", "44": "Lutjanus argentimaculatus", "45": "Salvelinus confluentus", "46": "Anguilla rostrata", "47": "Sillago ciliata", "48": "Lepomis macrochirus", "49": "Lagodon rhomboides", "50": "Oligoplites saurus", "51": "Thunnus albacares", "52": "Pogonias cromis", "53": "Carcharodon carcharias", "54": "Menticirrhus americanus", "55": "Thymallus arcticus", "56": "Scomber japonicus", "57": "Epinephelus tukula", "58": "Sparisoma viride", "59": "Calamus bajonado", "60": "Kajikia audax", "61": "Micropterus treculii", "62": "Mugil curema", "63": "Salvelinus malma", "64": "Astronotus ocellatus", "65": "Variola louti", "66": "Canthigaster rostrata", "67": "Cynoscion regalis", "68": "Albula vulpes", "69": "Paralichthys californicus", "70": "Arripis trutta", "71": "Mugil cephalus", "72": "Sarpa salpa", "73": "Centrarchus macropterus", "74": "Thymallus thymallus", "75": "Moxostoma valenciennesi", "76": "Paralabrax maculatofasciatus", "77": "Scomberomorus commerson", "78": "Esox niger", "79": "Pomoxis annularis", "80": "Semotilus atromaculatus", "81": "Amia calva", "82": "Gymnosarda unicolor", "83": "Gnathanodon speciosus", "84": "Leiostomus xanthurus", "85": "Blicca bjoerkna", "86": "Bagre marinus", "87": "Salminus brasiliensis", "88": "Macquaria novemaculeata", "89": "Epinephelus fasciatus", "90": "Trachinotus falcatus", "91": "Balistes capriscus", "92": "Hypentelium nigricans", "93": "Salvelinus namaycush", "94": "Ariopsis felis", "95": "Merlangius merlangus", "96": "Lutjanus sebae", "97": "Epinephelus itajara", "98": "Macquaria ambigua", "99": "Oncorhynchus gorbuscha", "100": "Makaira nigricans", "101": "Menidia menidia", "102": "Oncorhynchus mykiss", "103": "Alosa chrysochloris", "104": "Perca flavescens", "105": "Carcharhinus melanopterus", "106": "Ictiobus bubalus", "107": "Ameiurus nebulosus", "108": "Pomoxis nigromaculatus", "109": "Diplodus puntazzo", "110": "Scomberomorus maculatus", "111": "Lithognathus lithognathus", "112": "Channa aurolineata", "113": "Epinephelus marginatus", "114": "Notemigonus crysoleucas", "115": "Triakis semifasciata", "116": "Mustelus mustelus", "117": "Pseudobatos productus", "118": "Salmo trutta X Salvelinus fontinalis", "119": "Catostomus commersonii", "120": "Sander vitreus", "121": "Nebrius ferrugineus", "122": "Catostomus catostomus", "123": "Sparus aurata", "124": "Menticirrhus saxatilis", "125": "Epinephelus malabaricus", "126": "Ginglymostoma cirratum", "127": "Clupea harengus", "128": "Katsuwonus pelamis", "129": "Hephaestus fuliginosus", "130": "Mustelus canis", "131": "Sphyrna lewini", "132": "Ctenopharyngodon idella", "133": "Maccullochella peelii", "134": "Aldrichetta forsteri", "135": "Ictalurus punctatus", "136": "Oncorhynchus nerka", "137": "Chloroscombrus chrysurus", "138": "Acanthurus chirurgus", "139": "Tandanus tandanus", "140": "Sillaginodes punctatus", "141": "Perca fluviatilis", "142": "Ephippion guttifer", "143": "Orthopristis chrysoptera", "144": "Gadus morhua", "145": "Micropterus henshalli", "146": "Lepomis peltastes", "147": "Rhabdosargus sarba", "148": "Hypanus sabinus", "149": "Plectropomus maculatus", "150": "Caranx hippos", "151": "Dorosoma cepedianum", "152": "Symphodus melops", "153": "Aetobatus narinari", "154": "Dasyatis pastinaca", "155": "Centropristis striata", "156": "Euthynnus alletteratus", "157": "Lepomis punctatus", "158": "Lepomis megalotis", "159": "Myliobatis aquila", "160": "Lutjanus griseus", "161": "Labrus bergylta", "162": "Lates calcarifer", "163": "Sarda sarda", "164": "Morone saxatilis", "165": "Rutilus rutilus", "166": "Squalus acanthias", "167": "Carcharhinus leucas", "168": "Morone mississippiensis", "169": "Leuciscus aspius", "170": "Luxilus cornutus", "171": "Carassius auratus", "172": "Spondyliosoma cantharus", "173": "Lota lota", "174": "Tinca tinca", "175": "Paralabrax nebulifer", "176": "Lepomis marginatus", "177": "Prosopium williamsoni", "178": "Sander lucioperca", "179": "Seriola lalandi", "180": "Lutjanus decussatus", "181": "Negaprion brevirostris", "182": "Belone belone", "183": "Hypophthalmichthys nobilis", "184": "Carpiodes carpio", "185": "Elagatis bipinnulata", "186": "Neogobius melanostomus", "187": "Caranx ignobilis", "188": "Rhomboplites aurorubens", "189": "Carcharias taurus", "190": "Hiodon tergisus", "191": "Carangoides bartholomaei", "192": "Lobotes surinamensis", "193": "Platycephalus fuscus", "194": "Salvelinus fontinalis", "195": "Lutjanus gibbus", "196": "Abudefduf saxatilis", "197": "Galeocerdo cuvier", "198": "Channa striata", "199": "Abramis brama", "200": "Trachinotus carolinus", "201": "Prionace glauca", "202": "Elops saurus", "203": "Esox masquinongy", "204": "Acanthopagrus butcheri", "205": "Channa micropeltes", "206": "Sciaenops ocellatus", "207": "Caranx latus", "208": "Lutjanus cyanopterus", "209": "Morone chrysops X Morone saxatilis", "210": "Caranx sexfasciatus", "211": "Lutjanus campechanus", "212": "Tautoga onitis", "213": "Caranx ruber", "214": "Sphyrna zygaena", "215": "Pseudopleuronectes americanus", "216": "Hypophthalmichthys molitrix", "217": "Epinephelus morio", "218": "Caranx melampygus", "219": "Selene vomer", "220": "Morone americana", "221": "Paralichthys lethostigma", "222": "Acipenser transmontanus", "223": "Lepisosteus oculatus", "224": "Labrus mixtus", "225": "Platycephalus indicus", "226": "Scaphirhynchus platorynchus", "227": "Lepomis microlophus", "228": "Epinephelus coioides", "229": "Sphyrna mokarran", "230": "Moxostoma anisurum", "231": "Archosargus probatocephalus", "232": "Mycteroperca microlepis", "233": "Sphyraena jello", "234": "Paralichthys albigutta", "235": "Arripis truttacea", "236": "Parachromis managuensis", "237": "Semotilus corporalis", "238": "Micropogonias undulatus", "239": "Lepomis cyanellus", "240": "Pleuronectes platessa", "241": "Echeneis naucrates", "242": "Mycteroperca bonaci", "243": "Plectropomus laevis", "244": "Oncorhynchus clarkii", "245": "Haemulon plumierii", "246": "Ictalurus furcatus", "247": "Pachymetopon blochii", "248": "Moxostoma macrolepidotum", "249": "Scomberomorus regalis", "250": "Tylosurus crocodilus", "251": "Diplodus sargus", "252": "Sander canadensis", "253": "Silurus glanis", "254": "Caranx crysos", "255": "Tilapia sparrmanii", "256": "Oncorhynchus kisutch", "257": "Anguilla anguilla", "258": "Scardinius erythrophthalmus", "259": "Micropterus punctulatus", "260": "Clarias gariepinus", "261": "Nocomis micropogon", "262": "Ophiodon elongatus", "263": "Scorpaena guttata", "264": "Paralabrax clathratus", "265": "Oreochromis niloticus", "266": "Coptodon rendalli", "267": "Seriola dumerili", "268": "Salmo salar", "269": "Scomberoides commersonnianus", "270": "Seriola rivoliana", "271": "Scyliorhinus canicula", "272": "Lutjanus jocu", "273": "Bodianus rufus", "274": "Thunnus atlanticus", "275": "Lutjanus fulvus", "276": "Pylodictis olivaris", "277": "Hippoglossus stenolepis", "278": "Lutjanus synagris", "279": "Ocyurus chrysurus", "280": "Thunnus thynnus", "281": "Ameiurus natalis", "282": "Prionotus evolans", "283": "Triaenodon obesus", "284": "Lutjanus fulviflamma", "285": "Carcharhinus plumbeus", "286": "Mayaheros urophthalmus", "287": "Lutjanus apodus", "288": "Lachnolaimus maximus", "289": "Ambloplites rupestris", "290": "Lutjanus vivanus", "291": "Istiophorus platypterus", "292": "Sparisoma aurofrenatum", "293": "Lepisosteus platyrhincus", "294": "Trachurus symmetricus", "295": "Oncorhynchus keta", "296": "Cyprinus carpio", "297": "Cantherhines pullus", "298": "Opsanus tau", "299": "Platichthys flesus", "300": "Atractosteus spatula", "301": "Esox lucius", "302": "Cymatogaster aggregata", "303": "Micropterus floridanus", "304": "Sparisoma rubripinne", "305": "Pagrus auratus", "306": "Galeorhinus galeus", "307": "Acanthocybium solandri", "308": "Gobio gobio", "309": "Opisthonema oglinum", "310": "Morone chrysops", "311": "Rhincodon typus", "312": "Paralichthys dentatus", "313": "Lepomis auritus", "314": "Barbus barbus", "315": "Channa argus", "316": "Oncorhynchus tshawytscha", "317": "Pomadasys kaakan", "318": "Pterois volitans", "319": "Dicentrarchus labrax", "320": "Epinephelus merra", "321": "Scarus guacamaia", "322": "Carassius carassius", "323": "Synodus foetens", "324": "Rachycentron canadum", "325": "Diplodus vulgaris", "326": "Moxostoma erythrurum", "327": "Heterodontus francisci", "328": "Chitala ornata", "329": "Moxostoma carinatum", "330": "Acanthopagrus australis", "331": "Cephalopholis miniata", "332": "Micropterus nigricans", "333": "Sebastes miniatus", "334": "Lepomis gibbosus", "335": "Cyprinus carpio carpio", "336": "Leuciscus leuciscus", "337": "Epinephelus striatus", "338": "Herichthys cyanoguttatus", "339": "Sphyrna tiburo", "340": "Sphoeroides maculatus", "341": "Aplodinotus grunniens", "342": "Epinephelus lanceolatus", "343": "Stenotomus chrysops", "344": "Micropterus notius", "345": "Lutjanus analis", "346": "Acroteriobatus annulatus", "347": "Ameiurus catus", "348": "Pomatomus saltatrix", "349": "Diplodus annularis", "350": "Istiophorus albicans", "351": "Leuciscus idus", "352": "Sphyraena barracuda", "353": "Pagrus pagrus", "354": "Chaetodipterus faber", "355": "Esox americanus americanus", "356": "Conger conger", "357": "Cyprinus rubrofuscus", "358": "Lutjanus argentiventris", "359": "Carcharhinus obscurus", "360": "Ictiobus cyprinellus", "361": "Alectis ciliaris", "362": "Acipenser fulvescens", "363": "Lutjanus bohar", "364": "Lepisosteus platostomus", "365": "Sebastes melanops", "366": "Cnidoglanis macrocephalus"}